FirstName,LastName,EMPLID,phone,DaysSinceLastActivity,Engagement,Year,School,Course,FeeStatus,PartTime,PrevInterrupted,Tier4,Withdrawn,Resits,Repeating,Interrupted,RemoteStudy, View
Brenda,Campbell,226605275,0708 913 5318,1,156,3,Economics,L100 Economics BSc,eu,,,Tier4,,,,,,
Daniel,Cousins,228005566,0371 108 4129,1,156,3,Economics,L100 Economics BSc,eu,,,Tier4,,,,,,
Margaret,Flanagan,235396022,0991 335 1616,1,128,2,Mathematics,GL11 Mathematics and Economics BSc,eu,,,Tier4,,,Repeating,,,
John,Davis,250014922,0148 326 5178,3,144,3,Economics,L100 Economics BSc,eu,,,Tier4,,Resits,,,,
Alice,Walker,207348587,0516 114 0876,14,128,2,Economics,L160 Economics and International Economics BSc,eu,,,,,,,,,
Dan,Brown,258414125,0676 406 7141,1,144,3,Economics,LV15 Economics and Philosophy BA,eu,,,Tier4,,,,Interrupted,,
Paul,Field,243337218,0159 620 3395,1,122,1,Economics,L100 Economics BSc,eu,,,Tier4,,,,,remote,
Helen,Brown,235334999,0454 297 6305,1,130,1,Economics,L160 Economics and International Economics BSc,eu,,yes,Tier4,,,,,,
Christopher,Ashton,285568980,0709 166 3054,1,128,2,Mathematics,GL11 Mathematics and Economics BSc,eu,PartTime,,,,,,,,
Anthony,Bell,241603779,0220 921 7791,1,144,3,Economics,LV15 Economics and Philosophy BA,eu,,,,,,,,,
Tracy,Bridges,266947721,0842 860 5605,1,122,1,Economics,L100 Economics BSc,eu,,,Tier4,,,,,,
Simon,Clarkson,235213592,0347 600 3063,40,25,1,Economics,L160 Economics and International Economics BSc,int,,,Tier4,Withdrawn,,,,,
Peter,Fraser,274885864,0582 474 5161,1,144,1,Mathematics,GL11 Mathematics and Economics BSc,int,,,Tier4,,,,,,
James,Gill,275012428,0093 733 9239,1,122,3,Economics,L160 Economics and International Economics BSc,int,,,Tier4,,,,,,
Johnathan,Jackson,242492971,0099 307 2412,1,130,3,Economics,L100 Economics BSc,int,,,Tier4,,,,,remote,
Emily,Jacobs,205210556,0596 219 9907,1,156,2,Mathematics,GL11 Mathematics and Economics BSc,int,,,Tier4,,,,,,
Ben,Taylor,216264971,0073 162 1844,2,55,1,Economics,L100 Economics BSc,int,,,Tier4,,,,,,
Robert,Ashdown,285438009,0106 478 5122,2,120,2,Economics,L100 Economics BSc,int,,,Tier4,,,,,,
Peter,Brown,254671448,0938 103 4700,3,99,2,Mathematics,GL11 Mathematics and Economics BSc,int,PartTime,,Tier4,,,,,,
Naomi,Cleaver,241614653,0044 908 2111,4,120,3,Mathematics,GL11 Mathematics and Economics BSc,int,,,Tier4,,,,,,
Jill,Courts,292852031,0754 344 4910,8,45,1,Economics,L100 Economics BSc,int,,,Tier4,,,,,,
James,Cox,283487811,0339 453 5888,11,90,3,Mathematics,GL11 Mathematics and Economics BSc,int,,,Tier4,,Resits,,,,
Zara,Smith,285098400,0241 272 3960,29,0,2,Economics,L100 Economics BSc,int,,,Tier4,,,,,,
Jacqueline,Coombe,237875292,0637 442 9203,2,50,2,Economics,L100 Economics BSc,int,,,Tier4,,,,,,
Helen,Christie,231778285,0320 802 8997,6,118,3,Mathematics,GL11 Mathematics and Economics BSc,int,,,Tier4,,,,,,
Tony,McClelland,274864930,0486 348 1827,1,128,4,Economics,LV15 Economics and Philosophy BA,int,,,Tier4,,,,,,
June,McIvor,243453783,0301 026 8178,1,144,1,Economics,L100 Economics BSc,int,,,Tier4,,,,,,
Joyce,Mortimer,270932712,0463 478 7274,1,122,2,Economics,L160 Economics and International Economics BSc,int,,,Tier4,,,,,,
Adele,Perrott,295867836,0174 855 6221,15,130,2,Economics,L100 Economics BSc,int,,,Tier4,,,,,remote,
Patrick,Phee,201199280,0377 777 1018,1,156,1,Economics,L100 Economics BSc,int,,,Tier4,,,,,,
Cynthia,Sweeney,240019348,0090 816 6989,1,128,2,Economics,L100 Economics BSc,int,,,,,,,,,
Brian,Tomes,233311947,0536 308 7149,1,144,3,Economics,L100 Economics BSc,int,,,,,,,,,
Debbi,Wilson,295132426,0789 397 7740,1,122,4,Economics,L100 Economics BSc,int,,,,,,,,,
Mary,Barker,249080629,0154 930 2384,2,55,1,Economics,L100 Economics BSc,int,,,Tier4,,,,Interrupted,,
Simon,Burn,254917486,0496 428 9907,2,120,2,Mathematics,GL11 Mathematics and Economics BSc,int,,,Tier4,,,,,,
Peter,Dunkley,257169408,0855 563 1033,2,50,3,Economics,LV15 Economics and Philosophy BA,int,,,Tier4,,,,,,
Robert,Fletcher,256029746,0464 346 8674,2,55,2,Economics,L100 Economics BSc,int,,,Tier4,,,,,,
Alexander,Hinks,244506414,0418 780 8315,2,120,2,Economics,L160 Economics and International Economics BSc,int,,,Tier4,,,,,,
Allan,Lardner,239218474,0832 738 7725,2,50,1,Economics,L100 Economics BSc,int,,,Tier4,,,,,,
Peter,McGrath,214637536,0268 774 0670,2,55,2,Mathematics,GL11 Mathematics and Economics BSc,int,,,Tier4,,,,,,
Verity,Nalley,263595380,0951 944 7905,2,120,1,Mathematics,GL11 Mathematics and Economics BSc,int,,,Tier4,,,,,,
Rupert,Shaw,292770640,0706 496 4418,2,50,2,Economics,L160 Economics and International Economics BSc,int,,yes,Tier4,,,,,,
Jamie,Thomson,223932979,0037 723 4446,2,55,1,Economics,L100 Economics BSc,int,,,Tier4,,,,,,
John,Carberry,260876284,0879 133 2089,3,99,2,Economics,L100 Economics BSc,int,,,Tier4,,,,,,
Andrew,Cover,223603845,0983 669 9052,3,144,3,Mathematics,GL11 Mathematics and Economics BSc,int,,,Tier4,,,,,,
Anthony,Hopkins,298513748,0311 821 9919,3,99,1,Economics,LV15 Economics and Philosophy BA,int,,,Tier4,,,,,remote,
Susan,Kahn,204673003,0390 705 9981,3,144,1,Economics,L100 Economics BSc,int,,,,,,,,,
Jeanette,Parks,258131499,0009 298 7217,3,99,2,Economics,L160 Economics and International Economics BSc,int,,,Tier4,,,,,,
John,Quinn,267488682,0000 177 4120,3,144,2,Economics,L100 Economics BSc,int,,,Tier4,,,,,,
Paul,Donaldson,228094307,0031 115 2518,4,120,1,Mathematics,GL11 Mathematics and Economics BSc,int,,,,,,,,,
David,Kent,295910770,0173 691 6608,4,120,2,Economics,L160 Economics and International Economics BSc,int,,,Tier4,,,,,,
Amina,Sharif,271736317,0904 690 8348,4,120,3,Economics,L100 Economics BSc,int,,,Tier4,,,,,,
James,Cranston,298761347,0704 893 7011,6,118,2,Economics,L100 Economics BSc,int,,,Tier4,,,,,,
Lauren,Kearney,225416734,0720 733 5904,7,118,2,Mathematics,GL11 Mathematics and Economics BSc,int,,,,,,,,,
Linda,Robinson,214340935,0963 652 9623,7,118,1,Economics,LV15 Economics and Philosophy BA,int,,,Tier4,,,,,,
Susan,Embery,285416545,0890 454 4410,8,45,2,Economics,L160 Economics and International Economics BSc,int,,,,,,,,,
Joan,Lawn,212998723,0519 482 9870,8,45,3,Economics,L100 Economics BSc,int,,,Tier4,,,,,,
Ian,Stirling,201256966,0117 625 6740,9,45,1,Mathematics,GL11 Mathematics and Economics BSc,int,,,Tier4,,,,,,
Anna,Farr,298708446,0875 241 2616,12,90,1,Economics,L100 Economics BSc,int,,,Tier4,,,,,,
Catherine,Madigan,253943230,0946 409 7003,14,90,3,Mathematics,GL11 Mathematics and Economics BSc,int,,,Tier4,,,,,,
Lesley,Sutton,242380859,0522 559 8764,22,90,2,Economics,LV15 Economics and Philosophy BA,int,,,Tier4,,,,,,
Sonia,Bolger,251037613,0129 022 8747,30,0,2,Economics,L160 Economics and International Economics BSc,int,,,Tier4,,,,,,
Mg,Frost,286371026,0341 832 6221,35,0,3,Economics,L100 Economics BSc,int,,,Tier4,,,,,,
John,Meikle,257130975,0562 790 3185,35,0,3,Mathematics,GL11 Mathematics and Economics BSc,int,,,Tier4,,,,,,
Bhavik,Vyas,209531913,0521 325 6495,35,0,3,Mathematics,GL11 Mathematics and Economics BSc,int,,,Tier4,,,,,,